cancer	study abbreviation	study	site	system	cell	Cancer Group	cases	controls	Access_group	have_gwas	permission to make public?	original_name	excluded (reason)	ID	PMID/OpenGWAS	OpenGWAS	GWAS catalog	correspondence	population	subpopulation	total	INITIAL.SAMPLE.SIZE	MAPPED_TRAIT	MAPPED_TRAIT_URI	Note	overlap	include_site_discovery	meta_analyse_cancer	site.ind	include	power80	MAC_rs603424	MAC_rs3734398 	MAC_rs174546	MAC100rs174546	smoking instrument request	smoking instrument sent	smoking instrument data received	update smoking instrument request	data for updated smoking instrument data received
Basal cell carcinoma	23NMSC	23andMe Non-Melanoma Skin Cancer Study	skin	integumentary	basal cells	Skin cancer	12945	274252	3	1		basal cell carcinoma	no	1	27539887	NA	NA	TRUE	European	European	287197	NA	NA	NA	NA	NA	1	0	1	1	1	5178	11132.7	9320.4	PASS	NA (have full GWAS)				
Squamous cell carcinoma	23NMSC	23andMe Non-Melanoma Skin Cancer Study	skin	integumentary	squamous cells	Skin cancer	6579	280558	3	1		squamous cell skin cancer	no	2	27424798	NA	NA	TRUE	European	European	287137	280558 +6579 European ancestry individuals	NA	NA	NA	NA	1	0	0	1	1	2631.6	5657.94	4736.88	PASS	NA (have full GWAS)				
Colorectal cancer	ACCC	Asian Colorectal Cancer Consortium	bowel	digestive	NA	Colorectal cancer	23572	48700	4	0	NA	Colorectal cancer	no	3	31826910	NA	NA	TRUE	East Asian	South (23%), Central & North East Asian	72272	NA	NA	NA	NA	32514122	1	0	1	1	1	3300.08	3818.664	20271.92	PASS	NA (East Asian)	NA	NA	NA	
Acute lymphoblastic leukaemia	BC-ALL	B Cell Childhood Acute Lymphoblastic Leukemia Study	blood	blood	B lymphocytes	Lymphoid Leukaemia	2442	14609	4	0	NA	B cell childhood acute lymphoblastic leukemia	no	4	29632299	NA	NA	TRUE	European	European	17051	NA	NA	NA	NA	NA	1	0	1	1	1	976.8	2100.12	1758.24	PASS	yes			yes	
B cell non-Hodgkin lymphoma	BC-NHL	B Cell Non-Hodgkin Lymphoma Study	blood	blood	B lymphocytes	Non-Hodgkin's lymphoma	253	1438	3	1		B cell non-Hodgkin lymphoma	no	5	23749188	NA	NA	TRUE	East Asian	South East Asian	1691	253 Singaporean Chinese ancestry cases 1438 Singaporean Chinese ancestry controls	lymphoma	http://www.ebi.ac.uk/efo/EFO_0000574	NA	NA	1	0	1	1	0	35.42	40.986	217.58	PASS	NA (have full GWAS)				
Breast cancer	BCAC	The Breast Cancer Association Consortium	breast	reproductive	NA	Breast cancer	122977	105974	1	1	already public	Breast cancer	no	6	29059683	ieu-a-1126	NA	FALSE	European	European	228951	122977 cases and 105974 controls Europeans	breast carcinoma	http://www.ebi.ac.uk/efo/EFO_0000305	NA	NA	1	0	1	1	1	49190.8	105760.22	88543.44	PASS	NA (have full GWAS)				
ER+ breast cancer	BCAC	The Breast Cancer Association Consortium	breast	reproductive	NA	Breast cancer	69501	105974	1	1	already public	ER+ Breast cancer	no	8	29059683	ieu-a-1127	NA	FALSE	European	European	175475	NA	breast carcinoma	http://www.ebi.ac.uk/efo/EFO_0000305	NA	NA	1	0	0	1	1	27800.4	59770.86	50040.72	PASS	NA (have full GWAS)				
ER- breast cancer 	BCAC	The Breast Cancer Association Consortium	breast	reproductive	NA	Breast cancer	21468	105974	1	1	already public	ER- Breast cancer 	no	7	29059683	ieu-a-1128	NA	FALSE	European	European	127442	NA	breast carcinoma	http://www.ebi.ac.uk/efo/EFO_0000305	NA	NA	1	0	0	1	1	8587.2	18462.48	15456.96	PASS	NA (have full GWAS)				
Colorectal cancer	BJ	Biobank Japan	bowel	digestive	NA	Colorectal cancer	7062	195745	1	1	already public	Colorectal cancer  	no	12	32514122	bbj-a-107	NA	FALSE	East Asian	North East Asian	202807	NA	NA	NA	NA	31826910	1	0	1	0	1	988.68	1144.044	6073.32	PASS	NA (have full GWAS)				
Endometrial cancer	BJ	Biobank Japan	uterus	reproductive	NA	Female reproductive cancers	999	89731	1	1	already public	Endometrial cancer   	no	13	32514122	bbj-a-113	NA	FALSE	East Asian	North East Asian	90730	NA	NA	NA	NA	NA	1	0	1	1	0	139.86	161.838	859.14	PASS	NA (have full GWAS)				
Esophageal squamous cell carcinoma	BJ	Biobank Japan	esophagous	digestive	NA	Esophageal cancer	1300	195745	1	1	already public	Esophageal cancer	no	14	32514122	bbj-a-117	NA	FALSE	East Asian	North East Asian	197045	NA	NA	NA	The vast majority of esophageal cancers in Japan are squamous carcinomas (90%)	NA	1	0	1	1	0	182	210.6	1118	PASS	NA (have full GWAS)				
Gastric adenocarcinoma	BJ	Biobank Japan	stomach	digestive	NA	Stomach cancer	6563	195745	1	1	already public	Gastric cancer 	no	15	32514122	bbj-a-119	NA	FALSE	East Asian	North East Asian	202308	NA	NA	NA	Over 90% of gastric cancers (all anatomic sites) are adenocarcinomas, but a few other histologies do occur (eg, sarcomas, lymphomas), 	NA	1	0	1	1	1	918.82	1063.206	5644.18	PASS	NA (have full GWAS)				
Blood cancer	BJ	Biobank Japan	blood	blood	leukocytes	Blood cancer	1236	211217	1	1	already public	Hematological malignancy  	no	10	32514122	bbj-a-125	NA	FALSE	East Asian	North East Asian	212453	NA	NA	NA	NA	NA	1	0	1	1	0	173.04	200.232	1062.96	PASS	NA (have full GWAS)				
Lung cancer	BJ	Biobank Japan	lung	respiratory	NA	Lung cancer	4050	208403	1	1	already public	Lung cancer  	no	17	32514122	bbj-a-133	NA	FALSE	East Asian	North East Asian	212453	NA	NA	NA	NA	NA	1	0	1	1	1	567	656.1	3483	PASS	NA (have full GWAS)				
Ovarian cancer	BJ	Biobank Japan	ovary	reproductive	NA	Ovarian cancer	720	89731	1	1	already public	Ovarian cancer 	no	18	32514122	bbj-a-139	NA	FALSE	East Asian	North East Asian	90451	NA	NA	NA	NA	NA	1	0	1	1	0	100.8	116.64	619.2	PASS	NA (have full GWAS)				
Pancreatic cancer	BJ	Biobank Japan	pancreas	digestive	NA	Pancreatic cancer	442	195745	1	1	already public	Pancreatic cancer  	no	19	32514122	bbj-a-140	NA	FALSE	East Asian	North East Asian	196187	NA	NA	NA	NA	NA	1	0	1	1	0	61.88	71.604	380.12	PASS	NA (have full GWAS)				
Prostate cancer	BJ	Biobank Japan	prostate	reproductive	NA	Prostate cancer	5408	103939	1	1	already public	Prostate cancer  	no	20	32514122	bbj-a-148	NA	FALSE	East Asian	North East Asian	109347	NA	NA	NA	NA	NA	1	0	1	1	1	757.12	876.096	4650.88	PASS	NA (have full GWAS)				
Liver cancer	BJ	Biobank Japan	liver	digestive	NA	Liver & biliary tract cancer 	1866	195745	1	1	already public	Hepatocellular carcinoma  	no	16	32514122	bbj-a-158	NA	FALSE	East Asian	North East Asian	197611	NA	NA	NA	NA	NA	1	0	1	1	0	261.24	302.292	1604.76	PASS	NA (have full GWAS)				
Biliary tract cancer 	BJ	Biobank Japan	Biliary tract	digestive	NA	Liver & biliary tract cancer 	339	195745	1	1	already public	Biliary tract cancer 	no	9	32514122	bbj-a-92	NA	FALSE	East Asian	North East Asian	196084	NA	NA	NA	NA	NA	0	0	1	1	0	47.46	54.918	291.54	PASS	NA (have full GWAS)				
Cervical cancer	BJ	Biobank Japan	uterus	reproductive	NA	Female reproductive cancers	605	89731	1	1	already public	Cervical cancer   	no	11	32514122	bbj-a-98	NA	FALSE	East Asian	North East Asian	90336	NA	NA	NA	NA	NA	1	0	0	1	0	84.7	98.01	520.3	PASS	NA (have full GWAS)				
Acute lymphoblastic leukaemia	C-ALL	Childhood Acute Lymphoblastic Leukemia Study	blood	blood	lymphocytes	Lymphoid Leukaemia	419	481	2	1	yes	Acute lymphoblastic leukemia (childhood)	no	21	22076464	NA	NA	TRUE	European	European	900	419 European ancestry ETV6-RUNX1 positive cases, 474 European ancestry controls	acute lymphoblastic leukemia	http://www.ebi.ac.uk/efo/EFO_0000220	NA	NA	1	0	1	1	0	167.6	360.34	301.68	PASS	NA (have full GWAS)				
Prostate cancer	CGEMS	The Cancer Genetic Markers of Susceptibility	prostate	reproductive	NA	Prostate cancer	1175	1100	3	1		Prostate cancer	yes (no effect allele, other allele or eaf)	22	21372204	NA	NA	TRUE	European	European	2275	1,175 cases and 1,100 controls	NA	NA	NA	29892016	1	0	1	0	0	470	1010.5	846	PASS	NA (have full GWAS)				
Liver cancer	CHC	China Hepatocellular Carcinoma Study	liver	digestive	NA	Liver & biliary tract cancer 	1538	1465	4	0	NA	Hepatocellular carcinoma	no	23	22807686	NA	NA	TRUE	East Asian	Central and South (68%) East Asian	3003	1,538 Han Chinese ancestry HBV-positive HCC cases, 1,465 Han Chinese ancestry chronic HBV carriers	hepatocellular carcinoma	http://www.ebi.ac.uk/efo/EFO_0000182	NA	NA	1	0	1	1	0	215.32	249.156	1322.68	PASS	NA (East Asian)	NA	NA	NA	
Esophageal adenocarcinoma	EAS	Esophageal Adenocarcinoma Study	esophagous	digestive	NA	Esophageal cancer	4112	17159	3	1		Esophageal adenocarcinoma	no	24	27527254	NA	NA	TRUE	European	European	21271	European 2390 / 4112 for esophageal adenocarcinoma; 3175 / 6167 for Barrett’s esophagus	NA	NA	NA	NA	1	0	1	1	1	1644.8	3536.32	2960.64	PASS	NA (have full GWAS)				
Endometrial cancer	ECAC	Endometrial Cancer Association Consortium	uterus	reproductive	NA	Female reproductive cancers	12906	108979	1	1	already public	Endometrial cancer	no	25	30093612	ebi-a-GCST006464	NA	TRUE	European	European	121885	12,906 endometrial cancer cases and 108,979 controls	endometrial neoplasm	http://www.ebi.ac.uk/efo/EFO_0004230	NA	NA	1	0	1	1	1	5162.4	11099.16	9292.32	PASS	NA (have full GWAS)				
Thyroid cancer	EPITHYR 	EPIdemiology of THYRoid cancer	thyroid	endocrine	NA	Thyroid cancer	1554	1973	4	0	NA	Thyroid cancer	no	26	33527407	NA	NA	TRUE	European	European	3527	NA	NA	NA	NA	NA	1	0	1	1	0	621.6	1336.44	1118.88	PASS	yes	yes		yes	yes
Ewing's sarcoma	ESS	Ewing's Sarcoma Study	bone	skeletal	NA	Bone cancer	401	684	2	1	yes	Ewing's sarcoma	no	27	22327514	NA [add to OpenGWAS]	NA	TRUE	European	European	1085	Up to 427 European ancestry cases up to 4352 European ancestry controls	Ewing sarcoma	http://www.ebi.ac.uk/efo/EFO_0000174	number of cases and controls was a bit unclear. There were two case-control comparisons. However, the comparison with 401 cases versys 684 controls corresponds to the analysis with 286,966 SNPs, which is identical to the number of SNPs in the shared files. If incorporating into MRBase should just use CaFr_allindivs_mclustG1_withPCAV2.assoc.logistic and set EAF to NA.  	NA	0	0	1	1	0	160.4	344.86	288.72	PASS	NA (have full GWAS)				
Overall cancer	FinnGen	FinnGen	multiple	multiple	NA	Overall	9792	86707	1	1	already public	Any event in cancer register	no	32	unpublished	finn-a-ANY_CANC	NA	FALSE	European	European	96499	NA	NA	NA	NA	NA	1	0	0	1	1	3916.8	8421.12	7050.24	PASS	NA (have full GWAS)				
Bladder cancer	FinnGen	FinnGen	bladder	urinary	NA	Bladder cancer	366	96133	1	1	already public	Malignant neoplasm of bladder	no	28	unpublished	finn-a-C3_BLADDER	NA	FALSE	European	European	96499	NA	NA	NA	NA	NA	1	1	1	1	0	146.4	314.76	263.52	PASS	NA (have full GWAS)				
Brain cancer	FinnGen	FinnGen	brain	nervous	NA	Brain cancer	142	96357	1	1	already public	Malignant neoplasm of brain	no	30	unpublished	finn-a-C3_BRAIN	NA	FALSE	European	European	96499	NA	NA	NA	NA	NA	1	0	0	1	0	56.8	122.12	102.24	PASS	NA (have full GWAS)				
Breast cancer	FinnGen	FinnGen	breast	reproductive	NA	Breast cancer	2589	93910	1	1	already public	Malignant neoplasm of breast	no	31	unpublished	finn-a-C3_BREAST_3	NA	FALSE	European	European	96499	NA	NA	NA	NA	NA	1	0	1	1	1	1035.6	2226.54	1864.08	PASS	NA (have full GWAS)				
Lung cancer	FinnGen	FinnGen	lung	respiratory	NA	Lung cancer	516	95983	1	1	already public	Malignant neoplasm of bronchus and lung	no	43	unpublished	finn-a-C3_BRONCHUS_LUNG	NA	FALSE	European	European	96499	NA	NA	NA	NA	NA	1	0	0	1	0	206.4	443.76	371.52	PASS	NA (have full GWAS)				
Endometrial cancer	FinnGen	FinnGen	uterus	reproductive	NA	Female reproductive cancers	366	53896	1	1	already public	Malignant neoplasm of corpus uteri	no	38	unpublished	finn-a-C3_CORPUS_UTERI	NA	FALSE	European	European	54262	NA	NA	NA	NA	NA	1	0	1	1	0	146.4	314.76	263.52	PASS	NA (have full GWAS)				
Cancer of digestive organs	FinnGen	FinnGen	digestive organs	digestive	NA	Digestive system cancer	1582	94917	1	1	already public	Malignant neoplasm of digestive organs	no	34	unpublished	finn-a-C3_DIGESTIVE_ORGANS	NA	FALSE	European	European	96499	NA	NA	NA	NA	NA	1	0	1	1	0	632.8	1360.52	1139.04	PASS	NA (have full GWAS)				
Endocrine gland cancer	FinnGen	FinnGen	endocrine glands	endocrine	NA	Endocrine gland cancer	328	96171	1	1	already public	Malignant neoplasm of endocrine gland	no	37	unpublished	finn-a-C3_ENDOCRINE	NA	FALSE	European	European	96499	NA	NA	NA	NA	NA	0	0	1	1	0	131.2	282.08	236.16	PASS	NA (have full GWAS)				
Central nervous system and eye cancer	FinnGen	FinnGen	brain	nervous	NA	Brain cancer	207	96292	1	1	already public	Malignant neoplasm of eye, brain and central nervous system	no	35	unpublished	finn-a-C3_EYE_BRAIN_NEURO	NA	FALSE	European	European	96499	NA	NA	NA	NA	NA	1	0	1	1	0	82.8	178.02	149.04	PASS	NA (have full GWAS)				
Female genital cancer	FinnGen	FinnGen	female genital organs	reproductive	NA	Female reproductive cancers	672	53590	1	1	already public	malignant neoplasm of female genital organs	no	39	unpublished	finn-a-C3_FEMALE_GENITAL	NA	FALSE	European	European	54262	NA	NA	NA	NA	NA	0	0	1	1	0	268.8	577.92	483.84	PASS	NA (have full GWAS)				
Kidney cancer	FinnGen	FinnGen	kidney	urinary	NA	Kidney cancer	301	96198	1	1	already public	Malignant neoplasm of kidney, except renal pelvis	no	41	unpublished	finn-a-C3_KIDNEY_NOTRENALPELVIS	NA	FALSE	European	European	96499	NA	NA	NA	NA	NA	1	0	1	1	0	120.4	258.86	216.72	PASS	NA (have full GWAS)				
Oral cavity and pharyngeal cancer	FinnGen	FinnGen	mouth & throat	respiratory	NA	Mouth & throat cancer	234	96265	1	1	already public	Malignant neoplasm of lip, oral cavity and pharynx	no	50	unpublished	finn-a-C3_LIP_ORAL_PHARYNX	NA	FALSE	European	European	96499	NA	NA	NA	NA	NA	1	0	1	1	0	93.6	201.24	168.48	PASS	NA (have full GWAS)				
Male genital cancer	FinnGen	FinnGen	male genital organs	reproductive	NA	Male reproductive cancers	1887	94612	1	1	already public	malignant neoplasm of male genital organs	no	45	unpublished	finn-a-C3_MALE_GENITAL	NA	FALSE	European	European	96499	NA	NA	NA	NA	NA	0	0	1	1	0	754.8	1622.82	1358.64	PASS	NA (have full GWAS)				
Ovarian cancer	FinnGen	FinnGen	ovary	reproductive	NA	Ovarian cancer	184	54078	1	1	already public	Malignant neoplasm of ovary	no	51	unpublished	finn-a-C3_OVARY	NA	FALSE	European	European	54262	NA	NA	NA	NA	NA	1	0	1	1	0	73.6	158.24	132.48	PASS	NA (have full GWAS)				
Pancreatic cancer	FinnGen	FinnGen	pancreas	digestive	NA	Pancreatic cancer	229	96270	1	1	already public	Malignant neoplasm of pancreas	no	52	unpublished	finn-a-C3_PANCREAS	NA	FALSE	European	European	96499	NA	NA	NA	NA	NA	1	0	1	1	0	91.6	196.94	164.88	PASS	NA (have full GWAS)				
Prostate cancer	FinnGen	FinnGen	prostate	reproductive	NA	Prostate cancer	1824	40413	1	1	already public	Malignant neoplasm of prostate	no	53	unpublished	finn-a-C3_PROSTATE	NA	FALSE	European	European	42237	NA	NA	NA	NA	NA	1	0	1	1	0	729.6	1568.64	1313.28	PASS	NA (have full GWAS)				
Respiratory and intrathoracic cancer	FinnGen	FinnGen	respiratory & intrathoracic organs	respiratory	NA	respiratory and intrathoracic cancer	615	95884	1	1	already public	Malignant neoplasm of respiratory system and intrathoracic organs	no	54	unpublished	finn-a-C3_RESPIRATORY_INTRATHORACIC	NA	FALSE	European	European	96499	NA	NA	NA	NA	NA	1	0	1	1	0	246	528.9	442.8	PASS	NA (have full GWAS)				
Malignant skin cancer	FinnGen	FinnGen	skin	integumentary	NA	Skin cancer	895	95604	1	1	already public	Malignant neoplasm of skin	no	46	unpublished	finn-a-C3_SKIN	NA	FALSE	European	European	96499	NA	NA	NA	NA	NA	1	0	1	1	0	358	769.7	644.4	PASS	NA (have full GWAS)				
Thyroid cancer	FinnGen	FinnGen	thyroid	endocrine	NA	Thyroid cancer	321	96178	1	1	already public	Malignant neoplasm of thyroid gland	no	55	unpublished	finn-a-C3_THYROID_GLAND	NA	FALSE	European	European	96499	NA	NA	NA	NA	NA	1	0	1	1	0	128.4	276.06	231.12	PASS	NA (have full GWAS)				
Urinary tract cancer	FinnGen	FinnGen	urinary organs	urinary	NA	urinary tract cancer	690	95809	1	1	already public	Malignant neoplasm of urinary organs	no	56	unpublished	finn-a-C3_URINARY_TRACT	NA	FALSE	European	European	96499	NA	NA	NA	NA	NA	1	0	1	1	0	276	593.4	496.8	PASS	NA (have full GWAS)				
Follicular lymphoma	FinnGen	FinnGen	blood	blood	B lymphocytes	Non-Hodgkin's lymphoma	158	96341	1	1	already public	Follicular lymphoma	no	40	unpublished	finn-a-CD2_FOLLICULAR_LYMPHOMA	NA	FALSE	European	European	96499	NA	NA	NA	NA	NA	1	0	0	1	0	63.2	135.88	113.76	PASS	NA (have full GWAS)				
Lymphoid leukaemia	FinnGen	FinnGen	blood	blood	lymphocytes	Lymphoid leukaemia	198	96301	1	1	already public	Lymphoid leukaemia	no	44	unpublished	finn-a-CD2_LYMPHOID_LEUKAEMIA	NA	FALSE	European	European	96499	NA	NA	NA	NA	NA	1	0	0	1	0	79.2	170.28	142.56	PASS	NA (have full GWAS)				
Multiple myeloma	FinnGen	FinnGen	blood	blood	plasma cells	Multiple myeloma	180	96319	1	1	already public	Multiple myeloma and malignant plasma cell neoplasms	no	47	unpublished	finn-a-CD2_MULTIPLE_MYELOMA_PLASMA_CELL	NA	FALSE	European	European	96499	NA	NA	NA	NA	NA	1	0	0	1	0	72	154.8	129.6	PASS	NA (have full GWAS)				
Non-follicular lymphoma	FinnGen	FinnGen	blood	blood	lymphocytes	Non-follicular lymphoma	344	96155	1	1	already public	Non-follicular lymphoma	no	48	unpublished	finn-a-CD2_NONFOLLICULAR_LYMPHOMA	NA	FALSE	European	European	96499	NA	NA	NA	NA	NA	1	0	0	1	0	137.6	295.84	247.68	PASS	NA (have full GWAS)				
non-Hodgkin lymphoma unspecified	FinnGen	FinnGen	blood	blood	lymphocytes	Non-Hodgkin's lymphoma	155	96344	1	1	already public	Other and unspecified types of non-Hodgkin lymphoma	no	49	unpublished	finn-a-CD2_NONHODGKIN_NAS	NA	FALSE	European	European	96499	NA	NA	NA	NA	NA	1	0	0	1	0	62	133.3	111.6	PASS	NA (have full GWAS)				
Blood cancer	FinnGen	FinnGen	blood	blood	leukocytes	Blood cancer	1001	95498	1	1	already public	Primary_lymphoid and hematopoietic malignant neoplasms	no	29	unpublished	finn-a-CD2_PRIMARY_LYMPHOID_HEMATOPOIETIC	NA	FALSE	European	European	96499	NA	NA	NA	NA	NA	1	0	1	1	0	400.4	860.86	720.72	PASS	NA (have full GWAS)				
Colorectal cancer	FinnGen	FinnGen	bowel	digestive	NA	Colorectal cancer	843	95656	1	1	already public	Colorectal cancer	no	36	unpublished	finn-a-CUSTOM_COLORECTAL_CANCER_EXALLC	NA	FALSE	European	European	96499	NA	NA	NA	NA	NA	1	0	1	1	0	337.2	724.98	606.96	PASS	NA (have full GWAS)				
Overall cancer	FinnGen	FinnGen	multiple	multiple	NA	Overall	31217	65282	1	1	already public	Neoplasms	no	33	unpublished	finn-a-II_NEOPLASM	NA	FALSE	European	European	96499	NA	NA	NA	NA	NA	1	0	1	1	1	12486.8	26846.62	22476.24	PASS	NA (have full GWAS)				
Lung cancer	FinnGen	FinnGen	lung	respiratory	NA	Lung cancer	673	95826	1	1	already public	Lung cancer and mesothelioma	no	42	unpublished	finn-a-LUNG_CANCER_MESOT	NA	FALSE	European	European	96499	NA	NA	NA	NA	NA	1	0	1	1	0	269.2	578.78	484.56	PASS	NA (have full GWAS)				
Cancer (5 sites)	GAME-ON	Genetic Associations and Mechanisms in Oncology	multiple	multiple	NA	multiple	61851	61820	3	1		Cancer (lung cancer, breast cancer, colorectal cancer, ovarian cancer, prostate cancer)	no	57	27197191	NA	NA	TRUE	European	European	123671	5,020 European ancestry lung cancer cases, 3,718 European ancestry lung adenocarcinoma cases, 3,422 European ancestry lung squamous cell carcinoma cases, 15,414 European ancestry colorectal cancer cases, 10,809 European ancestry breast cancer cases, 4,939 European ancestry estrogen receptor negative breast cancer cases, 1,098 European ancestry ovarian cancer cases, 2,556 European ancestry serous ovarian cancer cases, 715 European ancestry ovarian endometrioid carcinoma cases, 9,710 European ancestry prostate cancer cases, 4,450 European ancestry aggressive prostate cancer cases, 61,820 European ancestry controls	cancer, lung carcinoma, estrogen-receptor negative breast cancer, colorectal cancer, ovarian endometrioid carcinoma, prostate carcinoma, ovarian serous carcinoma, breast carcinoma, ovarian carcinoma, lung adenocarcinoma, squamous cell lung carcinoma	http://www.ebi.ac.uk/efo/EFO_0000311, http://www.ebi.ac.uk/efo/EFO_0001071, http://www.ebi.ac.uk/efo/EFO_1000650, http://www.ebi.ac.uk/efo/EFO_0005842, http://www.ebi.ac.uk/efo/EFO_1001515, http://www.ebi.ac.uk/efo/EFO_0001663, http://www.ebi.ac.uk/efo/EFO_1001516, http://www.ebi.ac.uk/efo/EFO_0000305, http://www.ebi.ac.uk/efo/EFO_0001075, http://www.ebi.ac.uk/efo/EFO_0000571, http://www.ebi.ac.uk/efo/EFO_0000708	NA	NA	1	0	0	0	1	24740.4	53191.86	44532.72	PASS	NA (have full GWAS)				
Gallbladder cancer	GCS	Gallbladder Cancer Study	gallbladder	digestive	NA	Liver & biliary tract cancer 	41	866	1	1	already public	Gallbladder cancer	no	58	22318345	ieu-a-1057	NA	FALSE	East Asian	North East Asian	907	41 Japanese ancestry cases 866 Japanese ancestry controls	gallbladder neoplasm	http://www.ebi.ac.uk/efo/EFO_0004606	NA	NA	0	0	1	1	0	5.74	6.642	35.26	FAIL	NA (have full GWAS)				
Colon cancer	GECCO/CORECT/CCFR	Genetics and Epidemiology of Colorectal Cancer Consortium/Colorectal Transdisciplinary study/Colon Cancer Family Registry	bowel	digestive	NA	Colorectal cancer	31083	67694	4	0	NA	Colon cancer	no	59	30510241	NA	NA	TRUE	European	European	98777	NA	NA	NA	NA	NA	1	0	0	1	1	12433.2	26731.38	22379.76	PASS	yes				
Colorectal cancer	GECCO/CORECT/CCFR	Genetics and Epidemiology of Colorectal Cancer Consortium/Colorectal Transdisciplinary study/Colon Cancer Family Registry	bowel	digestive	NA	Colorectal cancer	58131	67347	4	0	NA	Colorectal cancer	no	60	30510241	NA	NA	TRUE	European	European	125478	18299 European ancestry cases 19656 European ancestry controls	colorectal cancer	http://www.ebi.ac.uk/efo/EFO_0005842	NA	NA	1	0	1	1	1	23252.4	49992.66	41854.32	PASS	yes				
Colorectal cancer in females	GECCO/CORECT/CCFR	Genetics and Epidemiology of Colorectal Cancer Consortium/Colorectal Transdisciplinary study/Colon Cancer Family Registry	bowel	digestive	NA	Colorectal cancer	26843	32820	4	0	NA	Colorectal cancer in females	no	61	30510241	NA	NA	TRUE	European	European	59663	NA	NA	NA	NA	NA	1	0	0	1	1	10737.2	23084.98	19326.96	PASS	yes				
Colorectal cancer in males	GECCO/CORECT/CCFR	Genetics and Epidemiology of Colorectal Cancer Consortium/Colorectal Transdisciplinary study/Colon Cancer Family Registry	bowel	digestive	NA	Colorectal cancer	31288	34527	4	0	NA	Colorectal cancer in males	no	62	30510241	NA	NA	TRUE	European	European	65815	NA	NA	NA	NA	NA	1	0	0	1	1	12515.2	26907.68	22527.36	PASS	yes				
Distal colorectal cancer	GECCO/CORECT/CCFR	Genetics and Epidemiology of Colorectal Cancer Consortium/Colorectal Transdisciplinary study/Colon Cancer Family Registry	bowel	digestive	NA	Colorectal cancer	15306	67694	4	0	NA	Distal colorectal cancer	no	63	30510241	NA	NA	TRUE	European	European	83000	NA	NA	NA	NA	NA	1	0	0	1	1	6122.4	13163.16	11020.32	PASS	yes				
Proximal colorectal cancer	GECCO/CORECT/CCFR	Genetics and Epidemiology of Colorectal Cancer Consortium/Colorectal Transdisciplinary study/Colon Cancer Family Registry	bowel	digestive	NA	Colorectal cancer	13857	67694	4	0	NA	Proximal colorectal cancer	no	64	30510241	NA	NA	TRUE	European	European	81551	NA	NA	NA	NA	NA	1	0	0	1	1	5542.8	11917.02	9977.04	PASS	yes				
Rectal cancer	GECCO/CORECT/CCFR	Genetics and Epidemiology of Colorectal Cancer Consortium/Colorectal Transdisciplinary study/Colon Cancer Family Registry	bowel	digestive	NA	Colorectal cancer	15775	67694	4	0	NA	Rectal cancer	no	65	30510241	NA	NA	TRUE	European	European	83469	NA	NA	NA	NA	NA	1	0	0	1	1	6310	13566.5	11358	PASS	yes				
Glioma	GICC/MDA	Glioma International Case-Control Study/MD Anderson Cancer Center	brain	nervous	glial cells	Brain cancer	5747	5522	3	1		Glioma	no	66	28346443	NA	NA	TRUE	European	European	11269	NA	NA	NA	NA	NA	1	0	1	1	1	2298.8	4942.42	4137.84	PASS	NA (have full GWAS)				
Glioma	GliomaScan	GliomaScan	brain	nervous	glial cells	Brain cancer	1856	4955	1	1	already public	Glioma	no	967	22886559	ieu-a-1013	NA	FALSE	European	European	6811	1856 European ancestry cases 4955 European ancestry controls	central nervous system cancer	http://www.ebi.ac.uk/efo/EFO_0000326	NA	NA	1	0	1	1	0	742.4	1596.16	1336.32	PASS	NA (have full GWAS)				
Glioma	GliomaScan	GliomaScan	brain	nervous	glial cells	Brain cancer	1856	4955	2	1	yes	Glioma	no	67	22886559	NA	NA	TRUE	European	European	6811	1856 European ancestry cases 4955 European ancestry controls	central nervous system cancer	http://www.ebi.ac.uk/efo/EFO_0000326	NA	NA	1	0	1	1	0	742.4	1596.16	1336.32	PASS	NA (have full GWAS)				
Liver cancer	HKHC	Hong Kong Hepatocellular Carcinoma Study	liver	digestive	NA	Liver & biliary tract cancer 	95	97	3	1	NA	hepatocellular carcinoma	no	68	22174901	NA	NA	TRUE	East Asian	South East Asian	192	95 Chinese ancestry HBV-infected cases, 97 Chinese ancestry HBV infected controls	hepatocellular carcinoma	http://www.ebi.ac.uk/efo/EFO_0000182	NA	NA	1	0	1	1	0	13.3	15.39	81.7	FAIL	NA (East Asian)	NA	NA	NA	
Hodgkin’s lymphoma	HLS	Hodgkin Lymphoma Study	blood	blood	lymphocytes	Hodgkin’s lymphoma	3077	13680	4	0	NA	Hodgkin’s lymphoma	no	69	29196614	NA	NA	TRUE	European	European	16757	European ancestry: 3,077 cases and 13,680 controls	NA	NA	NA	NA	1	0	1	1	1	1230.8	2646.22	2215.44	PASS	yes	yes	yes	yes	yes
Basal cell carcinoma	HNMSC	Harvard Non-Melanoma Skin Cancer Study	skin	integumentary	basal cells	Skin cancer	4242	12802	4	0	NA	basal cell carcinoma	no	70	27539887	NA	NA	TRUE	European	European	17044	NA	NA	NA	NA	NA	1	0	1	1	1	1696.8	3648.12	3054.24	PASS	yes	yes		yes	
Squamous cell carcinoma	HNMSC	Harvard Non-Melanoma Skin Cancer Study	skin	integumentary	squamous cells	Skin cancer	825	11518	4	0	NA	squamous cell skin cancer	no	71	27424798	NA	NA	TRUE	European	European	12343	NA	NA	NA	NA	NA	1	0	0	1	0	330	709.5	594	PASS	yes			yes	
Lung cancer	ILCCO	The International Lung Cancer Consortium 	lung	respiratory	NA	Lung cancer	11348	15861	1	1	already public	Lung cancer	no	74	24880342	ieu-a-966	NA	NA	European	European	27209	3442 European ancestry adenocarcinoma cases 3275 European ancestry squamous cell carcinoma cases 4631 cases up to 15861 controls	lung carcinoma, squamous cell carcinoma, lung adenocarcinoma	http://www.ebi.ac.uk/efo/EFO_0001071, http://www.ebi.ac.uk/efo/EFO_0000707, http://www.ebi.ac.uk/efo/EFO_0000571	NA	NA	1	0	0	0	1	4539.2	9759.28	8170.56	PASS	NA (have full GWAS)				
Lung adenocarcinoma	ILCCO	The International Lung Cancer Consortium 	lung	respiratory	NA	Lung cancer	11245	54619	1	1	already public	Lung adenocarcinoma	no	72	28604730	ieu-a-984	NA	FALSE	European	European	65864	NA	NA	NA	NA	NA	1	0	0	1	1	4498	9670.7	8096.4	PASS	NA (have full GWAS)				
Lung cancer in ever smokers	ILCCO	The International Lung Cancer Consortium 	lung	respiratory	NA	Lung cancer	23848	16605	1	1	already public	Lung cancer in ever smokers	no	76	28604730	ieu-a-985	NA	FALSE	European	European	40453	NA	NA	NA	NA	NA	1	0	0	1	1	9539.2	20509.28	17170.56	PASS	NA (have full GWAS)				
Lung cancer in never smokers	ILCCO	The International Lung Cancer Consortium 	lung	respiratory	NA	Lung cancer	2303	6995	1	1	already public	Lung cancer in never smokers	no	77	28604730	ieu-a-986	NA	FALSE	European	European	9298	NA	NA	NA	NA	NA	1	0	0	1	1	921.2	1980.58	1658.16	PASS	NA (have full GWAS)				
Lung cancer	ILCCO	The International Lung Cancer Consortium 	lung	respiratory	NA	Lung cancer	29266	56450	1	1	already public	Lung cancer	no	75	28604730	ieu-a-987	NA	FALSE	European	European	85716	29,266 cases and 56,450 controls European descent	NA	NA	NA	NA	1	0	1	1	1	11706.4	25168.76	21071.52	PASS	NA (have full GWAS)				
Small cell lung cancer	ILCCO	The International Lung Cancer Consortium 	lung	respiratory	NA	Lung cancer	2791	20580	1	1	already public	Small cell lung carcinoma	no	78	28604730	ieu-a-988	NA	FALSE	European	European	23371	NA	NA	NA	NA	NA	1	0	0	1	1	1116.4	2400.26	2009.52	PASS	NA (have full GWAS)				
Squamous cell lung cancer	ILCCO	The International Lung Cancer Consortium 	lung	respiratory	squamous cells	Lung cancer	7704	54763	1	1	already public	Squamous cell lung cancer	no	79	28604730	ieu-a-989	NA	FALSE	European	European	62467	NA	NA	NA	NA	NA	1	0	0	1	1	3081.6	6625.44	5546.88	PASS	NA (have full GWAS)				
Lung cancer	ILCCO	The International Lung Cancer Consortium 	lung	respiratory	NA	Lung cancer	13479	43218	2	1	yes	Lung cancer	no	73	27488534	NA	NA	TRUE	European	European	56697	up to 14900 European ancestry cases up to 29485 European ancestry controls	lung carcinoma	http://www.ebi.ac.uk/efo/EFO_0001071	NA	NA	1	0	0	0	1	5391.6	11591.94	9704.88	PASS	NA (have full GWAS)				
Oral cancer	INHANCE	International Head and Neck Cancer Epidemiology Consortium	mouth & throat	respiratory	NA	Mouth & throat cancer	2990	6585	4	0	NA	Oral cancer	no	80	27749845	NA	NA	TRUE	European	European	9575	NA	NA	NA	NA	NA	1	0	0	1	1	1196	2571.4	2152.8	PASS	yes	yes	yes	yes	
Oral cavity and pharyngeal cancer	INHANCE	International Head and Neck Cancer Epidemiology Consortium	mouth & throat	respiratory	NA	Mouth & throat cancer	6034	6585	4	0	NA	Oral cavity and pharyngeal cancer	no	81	27749845	NA	NA	TRUE	European	European	12619	6,034 cases and 6,585 controls from Europe, North America and South America	NA	NA	NA	NA	1	0	1	1	1	2413.6	5189.24	4344.48	PASS	yes	yes	yes	yes	
Oropharyngeal cancer	INHANCE	International Head and Neck Cancer Epidemiology Consortium	mouth & throat	respiratory	NA	Mouth & throat cancer	2641	6585	4	0	NA	Oropharyngeal cancer	no	82	27749845	NA	NA	TRUE	European	European	9226	NA	NA	NA	NA	NA	1	0	0	1	1	1056.4	2271.26	1901.52	PASS	yes	yes	yes	yes	
Oral cavity and pharyngeal cancer	INHANCE (Europe)	The International Head and Neck Cancer Epidemiology 	mouth & throat	respiratory	NA	Mouth & throat cancer	2497	2928	1	1	already public	Oral cavity and pharyngeal cancer	Not part of FAMRC	NA	27749845	ieu-b-89			European	European																				
Oral cancer	INHANCE (Europe)	The International Head and Neck Cancer Epidemiology 	mouth & throat	respiratory	NA	Mouth & throat cancer	1223	2928	1	1	already public	Oral cancer	Not part of FAMRC	NA	27749845	ieu-b-94			European	European																				
Oropharyngeal cancer	INHANCE (Europe)	The International Head and Neck Cancer Epidemiology 	mouth & throat	respiratory	NA	Mouth & throat cancer	1090	2928	1	1	already public	Oropharyngeal cancer	Not part of FAMRC	NA	27749845	ieu-b-96			European	European																				
Oral cavity and pharyngeal cancer	INHANCE (North America)	The International Head and Neck Cancer Epidemiology 	mouth & throat	respiratory	NA	Mouth & throat cancer	2342	2329	1	1	already public	Oral cavity and pharyngeal cancer	Not part of FAMRC	NA	27749845	ieu-b-90			European	European																				
Oral cancer	INHANCE (North America)	The International Head and Neck Cancer Epidemiology 	mouth & throat	respiratory	NA	Mouth & throat cancer	1135	2329	1	1	already public	Oral cancer	Not part of FAMRC	NA	27749845	ieu-b-93			European	European																				
Oropharyngeal cancer	INHANCE (North America)	The International Head and Neck Cancer Epidemiology 	mouth & throat	respiratory	NA	Mouth & throat cancer	1119	2329	1	1	already public	Oropharyngeal cancer	Not part of FAMRC	NA	27749845	ieu-b-97			European	European																				
Oral cavity and pharyngeal cancer	INHANCE (South America)	The International Head and Neck Cancer Epidemiology 	mouth & throat	respiratory	NA	Mouth & throat cancer	613	727	1	1	already public	Oral cavity and pharyngeal cancer	Not part of FAMRC	NA	27749845	ieu-b-91			Hispanic or Latin American	Hispanic or Latin American																				
Oral cancer	INHANCE (South America)	The International Head and Neck Cancer Epidemiology 	mouth & throat	respiratory	NA	Mouth & throat cancer	340	727	1	1	already public	Oral cancer	Not part of FAMRC	NA	27749845	ieu-b-95			Hispanic or Latin American	Hispanic or Latin American																				
Oropharyngeal cancer	INHANCE (South America)	The International Head and Neck Cancer Epidemiology 	mouth & throat	respiratory	NA	Mouth & throat cancer	205	727	1	1	already public	Oropharyngeal cancer	Not part of FAMRC	NA	27749845	ieu-b-98			Hispanic or Latin American	Hispanic or Latin American																				
Follicular lymphoma	InterLymph	InterLymph	blood	blood	B lymphocytes	Non-Hodgkin's lymphoma	2847	8107	3	1	no	Follicular lymphoma	no	85	25279986	NA	NA	TRUE	European	European	10954	NA	neoplasm of mature B-cells	http://www.ebi.ac.uk/efo/EFO_0000096	N cases/controls are max Ns and vary by SNPs	NA	1	0	0	1	1	1138.8	2448.42	2049.84	PASS	NA (have full GWAS)				
Chronic lymphocytic leukaemia	InterLymph	InterLymph	blood	blood	B lymphocytes	Lymphoid Leukaemia	3100	7667	3	1		Chronic lymphocytic leukemia	no	83	26956414	NA	NA	TRUE	European	European	10767	3,100 cases and 7,667 controls	chronic lymphocytic leukemia	http://www.ebi.ac.uk/efo/EFO_0000095	N cases/controls are max Ns and vary by SNPs	NA	1	0	0	1	1	1240	2666	2232	PASS	NA (have full GWAS)				
Diffuse large B cell lymphoma	InterLymph	InterLymph	blood	blood	B lymphocytes	Non-Hodgkin's lymphoma	3857	7666	3	1		diffuse large B cell lymphoma	no	84	25261932	NA	NA	TRUE	European	European	11523	3,857 European ancestry cases, 7,666 European ancestry controls	diffuse large B-cell lymphoma	http://www.ebi.ac.uk/efo/EFO_0000403	N cases/controls are max Ns and vary by SNPs	NA	1	0	1	1	1	1542.8	3317.02	2777.04	PASS	NA (have full GWAS)				
Marginal zone lymphoma	InterLymph	InterLymph	blood	blood	B lymphocytes	Non-Hodgkin's lymphoma	825	6221	3	1		Marginal zone lymphoma	no	86	25569183	NA	NA	TRUE	European	European	7046	NA	NA	NA	N cases/controls are max Ns and vary by SNPs	NA	1	0	0	1	0	330	709.5	594	PASS	NA (have full GWAS)				
Colorectal cancer survival	ISACC	colorectal cancer survival consortium	bowel	digestive	NA	Colorectal cancer	6077	NA	4	0	NA	Colorectal cancer survival	Not part of FAMRC	NA	unpublished	NA	NA	NA	European	European	6077	NA	NA	NA	NA	NA	NA	NA	NA	NA	NA	NA	NA	NA	NA	NA				
Chronic myeloid leukaemia	KCML	Korean Chronic Myeloid Leukemia Study	blood	blood	myeloid cells	Myeloid leukemia	201	497	4	0	NA	Chronic myeloid leukemia	no	87	21540461	NA	NA	TRUE	East Asian	North East Asian	698	201 Korean ancestry cases 497 Korean ancestry controls	chronic myelogenous leukemia	http://www.ebi.ac.uk/efo/EFO_0000339	NA	NA	1	0	1	1	0	28.14	32.562	172.86	PASS	NA (East Asian)	NA	NA	NA	
BRCA negative high risk breast cancer	KHBC	Korean Hereditary Breast Cancer study	breast	reproductive	NA	Breast cancer	1469	5979	2	1	yes	BRCA negative high risk breast cancer	no	88	30323354	NA	TRUE	FALSE	East Asian	North East Asian	7448	NA	NA	NA	NA	NA	1	0	1	1	0	205.66	237.978	1263.34	PASS	NA (have full GWAS)				
Kidney cancer in females	KidRISK	KidRISK	kidney	urinary	NA	Kidney cancer in females	1992	3095	2	1	yes	Kidney cancer in females	no	90	31231134	NA	TRUE	FALSE	European	European	5087	NA	NA	NA	NA	NA	1	0	0	1	0	796.8	1713.12	1434.24	PASS	NA (have full GWAS)				
Kidney cancer in males	KidRISK	KidRISK	kidney	urinary	NA	Kidney cancer in males	3227	4916	2	1	yes	Kidney cancer in males	no	91	31231134	NA	TRUE	FALSE	European	European	8143	NA	NA	NA	NA	NA	1	0	0	1	1	1290.8	2775.22	2323.44	PASS	NA (have full GWAS)				
Kidney cancer	KidRISK	KidRISK	kidney	urinary	NA	Kidney cancer	10784	20406	4	0	NA	Renal cell carcinoma	no	89	28598434	NA	NA	TRUE	European	European	31190	10,784 cases and 20,406 controls of European ancestry.	NA	NA	NA	NA	1	0	1	1	1	4313.6	9274.24	7764.48	PASS	yes	yes	yes	yes	
Cervical cancer	MCCS	Meta-analysis of Cervical Cancer Studies	uterus	reproductive	NA	Female reproductive cancers	2866	6481	3	1	yes	cervical cancer	no	92	28806749	NA	TRUE	FALSE	European	European	9347	NA	NA	NA	NA	NA	1	0	1	1	1	1146.4	2464.76	2063.52	PASS	NA (have full GWAS)				
Meningioma	MENC	The Meningioma Consortium	brain	nervous	NA	Brain cancer	1606	9823	4	0	NA	meningioma	no	94	29762745	NA	NA	TRUE	European	European	11429	1606 cases and 9823 controls of European ancestry from 2 studies:	NA	NA	NA	NA	1	0	1	1	0	642.4	1381.16	1156.32	PASS	yes			yes	
Melanoma	MMAC	Melanoma Meta-Analysis Consortium	skin	integumentary	melanocytes	Skin cancer	11029	15244	3	1		Melanoma	no	95	26237428	NA	NA	TRUE	European	European	26273	12874 European ancestry cases 23203 European ancestry controls	cutaneous melanoma	http://www.ebi.ac.uk/efo/EFO_0000389	NA	NA	1	0	1	1	1	4411.6	9484.94	7940.88	PASS	NA (have full GWAS)				
Multiple myeloma	MMS	Multiple Myeloma Study	blood	blood	plasma cells	Multiple myeloma	1714	10391	4	0	NA	Multiple myeloma	no	96	26007630	NA	NA	TRUE	European	European	12105	NA	NA	NA	NA	NA	1	0	1	1	0	685.6	1474.04	1234.08	PASS	yes	NA	NA	NA	
Multiple myeloma	MMS	Multiple Myeloma Study	blood	blood	plasma cells	Multiple myeloma	2338	11971	4	0	NA	Multiple myeloma	no	96.2	unpublished	NA	NA	TRUE	European	European	14309	NA	NA	NA	NA	NA	1	0	1	1	1	935.2	2010.68	1683.36	PASS	yes	yes	yes	yes	
Nasopharyngeal carcinoma	MNC	Malaysia Nasopharyngeal Carcinoma Study	nasopharynx	respiratory	NA	Mouth & throat cancer	271	456	4	0	NA	nasopharyngeal carcinoma	no	97	27236004	NA	NA	TRUE	East Asian	South East Asian	727	111 unrelated NPC patients and 260 controls of a Malaysian Chinese population. East Asian	NA	NA	NA	NA	0	0	1	1	0	37.94	43.902	233.06	PASS	NA (East Asian)	NA	NA	NA	
Pleural mesothelioma	MPM	Malignant Pleural Mesothelioma Study	lung	respiratory	NA	Lung cancer	407	389	4	0	NA	Malignant pleural mesothelioma	no	98	23626673	NA	NA	TRUE	European	European	796	392 European ancestry cases, 367 European ancestry controls	malignant pleural mesothelioma	http://www.ebi.ac.uk/efo/EFO_0000770	NA	NA	1	0	1	1	0	162.8	350.02	293.04	PASS	yes			yes	
Esophageal squamous cell carcinoma	N-UGC	NCI Upper Gastrointestinal Cancer Study	esophagous	digestive	NA	Esophageal cancer	2013	2701	3	1		Esophageal squamous cell carcinoma	no	99	25129146	NA	NA	TRUE	East Asian	North East Asian	4714	NA	NA	NA	NA	NA	1	0	1	1	0	281.82	326.106	1731.18	PASS	NA (have full GWAS)				
Gastric adenocarcinoma	N-UGC	NCI Upper Gastrointestinal Cancer Study	stomach	digestive	NA	Stomach cancer	1625	2100	3	1		Gastric adenocarcinoma	yes (effect allele, other allele and eaf missing)	100	23504502	NA	NA	TRUE	East Asian	North East Asian	3725	NA	NA	NA	the study in MR-Base actually corresponds to the GC / gastric adenocarcinoma in dbGAP. Proved this because the file name for the study in MRBASE is phs000361.pha003106.txt.gz.tab, which corresponds to GC. There is another file called phs000361.pha003107.txt.gz in dbGAP which corresponds to esophageal squamous cell carcinoma (ESCC).   1625 GCs and 2100 controls. https://www.ncbi.nlm.nih.gov/projects/gap/cgi-bin/analysis.cgi?study_id=phs000361.v1.p1&phv=159411&phd=3558&pha=3107&pht=2223&phvf=&phdf=&phaf=1&phtf=&dssp=1&consent=&temp=1	NA	1	0	0	0	0	227.5	263.25	1397.5	PASS	NA (have full GWAS)				
Gastric adenocarcinoma	N-UGC	NCI Upper Gastrointestinal Cancer Study	stomach	digestive	NA	Stomach cancer	2350	2708	3	1		Gastric adenocarcinoma	no	101	26129866	NA	NA	TRUE	East Asian	North East Asian	5058	2350 East Asian gastric cancer cases divided as 1189 gastric cardia and 1027 gastric non-cardia cases and 2708 controls	esophageal carcinoma, gastric carcinoma	http://www.ebi.ac.uk/efo/EFO_0002916, http://www.ebi.ac.uk/efo/EFO_0000178, http://www.ebi.ac.uk/efo/EFO_0005922	NA	NA	1	0	1	1	1	329	380.7	2021	PASS	NA (have full GWAS)				
Gastric cardia adenocarcinoma	N-UGC	NCI Upper Gastrointestinal Cancer Study	stomach	digestive	NA	Stomach cancer	1189	2708	3	1		Gastric cardia adenocarcinoma	no	102	26129866	NA	NA	TRUE	East Asian	North East Asian	3897	NA	NA	NA	NA	NA	1	0	0	1	0	166.46	192.618	1022.54	PASS	NA (have full GWAS)				
Noncardia gastric adenocarcinoma	N-UGC	NCI Upper Gastrointestinal Cancer Study	stomach	digestive	NA	Stomach cancer	1027	2708	3	1		Noncardia gastric adenocarcinoma	no	103	26129866	NA	NA	TRUE	East Asian	North East Asian	3735	1,027 East Asian ancestry cases, 2,708 East Asian ancestry controls	gastric carcinoma	http://www.ebi.ac.uk/efo/EFO_0000178	NA	26701879	1	0	0	1	0	143.78	166.374	883.22	PASS	NA (have full GWAS)				
Noncardia gastric adenocarcinoma	NB-UGC	Nanjing+Beijing Upper Gastrointestinal Cancers Study	stomach	digestive	NA	Stomach cancer	1006	2273	4	0	NA	Gastric Non-Cardia Adenocarcinoma	no	104	26701879	NA	NA	TRUE	East Asian	North East Asian	3279	2,031 Han Chinese ancestry cases, 4,970 Han Chinese ancestry controls	gastric carcinoma	http://www.ebi.ac.uk/efo/EFO_0000178	unclear whether includes or excludes the NCI component, which would then mean it overlaps with the NCI UG study	26129866	1	0	1	1	0	140.84	162.972	865.16	PASS	NA (East Asian)	NA	NA	NA	
Bladder cancer	NBCS	Nijmegen Bladder Cancer Study 	bladder	urinary	NA	Bladder cancer	1799	4745	2	1	yes	bladder cancer	no	105	21750109	NA	NA	TRUE	European	European	6544	1670 European ancestry cases 90180 European ancestry controls	bladder carcinoma	http://www.ebi.ac.uk/efo/EFO_0000292	GWAS includes unpublished data	NA	1	1	1	1	0	719.6	1547.14	1295.28	PASS	NA (have full GWAS)				
Neuroblastoma	NBS	Neuroblastoma Study	neuroblasts	nervous	neuroblasts	Neuroblastoma	1627	3254	1	1	already public	Neuroblastoma	no	106	23222812	ieu-a-816	NA	FALSE	European	European	4881	1627 cases 3254 controls European	NA	NA	North American-based Children’s Oncology Group	28545128	0	0	0	0	0	650.8	1399.22	1171.44	PASS	NA (have full GWAS)				
Neuroblastoma	NBS	Neuroblastoma Study	neuroblasts	nervous	neuroblasts	Neuroblastoma	2101	4202	4	0	NA	Neuroblastoma	no	107	28545128	NA	NA	TRUE	European	European	6303	2,101 cases and 4,202 controls of European ancestry.	NA	NA	North American-based Children’s Oncology Group	23222812	0	0	1	1	0	840.4	1806.86	1512.72	PASS	yes	yes		yes	
Ovarian cancer	OCAC	The Ovarian Cancer Association Consortium 	ovary	reproductive	NA	Ovarian cancer	25509	40941	1	1	already public	Ovarian cancer	no	118	28346442	ieu-a-1120	NA	FALSE	European	European	66450	3769 European ancestry cases 4396 European ancestry controls	ovarian carcinoma	http://www.ebi.ac.uk/efo/EFO_0001075	main subtypes are serous, mucinous, endometrioid and clear cell (these are epithelial ovarian cancers) and low malignant potential (also known as borderline tumours or atypical proliferative tumours)	NA	1	0	1	1	1	10203.6	21937.74	18366.48	PASS	NA (have full GWAS)				
High grade serous ovarian cancer	OCAC	The Ovarian Cancer Association Consortium 	ovary	reproductive	NA	Ovarian cancer	13037	40941	1	1	already public	High grade serous ovarian cancer	no	110	28346442	ieu-a-1121	NA	FALSE	European	European	53978	NA	ovarian carcinoma	http://www.ebi.ac.uk/efo/EFO_0001075	NA	NA	1	0	0	1	1	5214.8	11211.82	9386.64	PASS	NA (have full GWAS)				
Low grade serous ovarian cancer	OCAC	The Ovarian Cancer Association Consortium 	ovary	reproductive	NA	Ovarian cancer	1012	40941	1	1	already public	Low grade serous ovarian cancer	no	113	28346442	ieu-a-1122	NA	FALSE	European	European	41953	NA	ovarian carcinoma	http://www.ebi.ac.uk/efo/EFO_0001075	NA	NA	1	0	0	1	0	404.8	870.32	728.64	PASS	NA (have full GWAS)				
Invasive mucinous ovarian cancer	OCAC	The Ovarian Cancer Association Consortium 	ovary	reproductive	NA	Ovarian cancer	1417	40941	1	1	already public	Invasive mucinous ovarian cancer	no	111	28346442	ieu-a-1123	NA	FALSE	European	European	42358	NA	ovarian carcinoma	http://www.ebi.ac.uk/efo/EFO_0001075	NA	NA	1	0	0	1	0	566.8	1218.62	1020.24	PASS	NA (have full GWAS)				
Clear cell ovarian cancer	OCAC	The Ovarian Cancer Association Consortium 	ovary	reproductive	NA	Ovarian cancer	1366	40941	1	1	already public	Clear cell ovarian cancer	no	108	28346442	ieu-a-1124	NA	FALSE	European	European	42307	NA	ovarian carcinoma	http://www.ebi.ac.uk/efo/EFO_0001075	NA	NA	1	0	0	1	0	546.4	1174.76	983.52	PASS	NA (have full GWAS)				
Endometrioid ovarian cancer	OCAC	The Ovarian Cancer Association Consortium 	ovary	reproductive	NA	Ovarian cancer	2810	40941	1	1	already public	Endometrioid ovarian cancer	no	109	28346442	ieu-a-1125	NA	FALSE	European	European	43751	NA	ovarian carcinoma	http://www.ebi.ac.uk/efo/EFO_0001075	NA	NA	1	0	0	1	1	1124	2416.6	2023.2	PASS	NA (have full GWAS)				
Serous ovarian cancer	OCAC	The Ovarian Cancer Association Consortium 	ovary	reproductive	NA	Ovarian cancer	14049	40941	1	1	already public	High grade and low grade serous ovarian cancer	no	119	28346442	ieu-a-1228	NA	FALSE	European	European	54990	NA	ovarian carcinoma	http://www.ebi.ac.uk/efo/EFO_0001075	NA	NA	1	0	0	1	1	5619.6	12082.14	10115.28	PASS	NA (have full GWAS)				
Low grade & low malignant potential serous ovarian cancer	OCAC	The Ovarian Cancer Association Consortium 	ovary	reproductive	NA	Ovarian cancer	2966	40941	1	1	already public	Serous ovarian cancer: low grade and low malignant potential	no	112	28346442	ieu-a-1229	NA	FALSE	European	European	43907	NA	ovarian carcinoma	http://www.ebi.ac.uk/efo/EFO_0001075	NA	NA	1	0	0	1	1	1186.4	2550.76	2135.52	PASS	NA (have full GWAS)				
Low malignant potential serous ovarian cancer	OCAC	The Ovarian Cancer Association Consortium 	ovary	reproductive	NA	Ovarian cancer	1954	40941	1	1	already public	Serous ovarian cancer: low malignant potential	no	116	28346442	ieu-a-1230	NA	FALSE	European	European	42895	NA	ovarian carcinoma	http://www.ebi.ac.uk/efo/EFO_0001075	NA	NA	1	0	0	1	0	781.6	1680.44	1406.88	PASS	NA (have full GWAS)				
Mucinous ovarian cancer	OCAC	The Ovarian Cancer Association Consortium 	ovary	reproductive	NA	Ovarian cancer	2566	40941	1	1	already public	Mucinous ovarian cancer: invasive and low malignant potential	no	117	28346442	ieu-a-1231	NA	FALSE	European	European	43507	NA	ovarian carcinoma	http://www.ebi.ac.uk/efo/EFO_0001075	NA	NA	1	0	0	1	1	1026.4	2206.76	1847.52	PASS	NA (have full GWAS)				
Low malignant potential mucinous ovarian cancer	OCAC	The Ovarian Cancer Association Consortium 	ovary	reproductive	NA	Ovarian cancer	1149	40941	1	1	already public	Low malignant potential mucinous ovarian cancer	no	114	28346442	ieu-a-1232	NA	FALSE	European	European	42090	NA	ovarian carcinoma	http://www.ebi.ac.uk/efo/EFO_0001075	NA	NA	1	0	0	1	0	459.6	988.14	827.28	PASS	NA (have full GWAS)				
Low malignant potential ovarian cancer	OCAC	The Ovarian Cancer Association Consortium 	ovary	reproductive	NA	Ovarian cancer	3103	40941	1	1	already public	Low malignant potential ovarian cancer	no	115	28346442	ieu-a-1233	NA	FALSE	European	European	44044	NA	ovarian carcinoma	http://www.ebi.ac.uk/efo/EFO_0001075	NA	NA	1	0	0	1	1	1241.2	2668.58	2234.16	PASS	NA (have full GWAS)				
Ovarian cancer	OCAC (EAS)	The Ovarian Cancer Association Consortium East Asian Subset	ovary	reproductive	NA	Ovarian cancer	3238	4083	2	1	yes	epithelial ovarian cancer	no	120	30898391	NA	TRUE	FALSE	East Asian	South & North (69%) East Asian	7321	NA	NA	NA	At least 69% of the participants were from North China. independent of OCAC European study (Only individuals with >60% East Asian ancestry included). In OCAC Europeans, only participants with >80% European ancestry were included	NA	1	0	1	1	1	453.32	524.556	2784.68	PASS	NA (have full GWAS)				
Pancreatic cancer	PanC4	Pancreatic Cancer Case-Control Consortium	pancreas	digestive	NA	Pancreatic cancer	3933	3651	4	0	NA	pancreatic cancer	no	121	29422604	NA	NA	TRUE	European	European	7584	NA	NA	NA	NA	NA	1	0	1	1	1	1573.2	3382.38	2831.76	PASS	yes				
Pancreatic cancer	PanScan I	Pancreatic Cancer Cohort Consortium	pancreas	digestive	NA	Pancreatic cancer	1896	1939	1	1	already public	Pancreatic cancer	no	122	19648918	ieu-a-822	NA	FALSE	European	European	3835	1771 European ancestry cases 1805 European ancestry controls	pancreatic carcinoma	http://www.ebi.ac.uk/efo/EFO_0002618	NA	NA	1	0	0	0	0	758.4	1630.56	1365.12	PASS	NA (have full GWAS)				
Pancreatic cancer	PanScan I+II	Pancreatic Cancer Cohort Consortium	pancreas	digestive	NA	Pancreatic cancer	3525	3642	4	0	NA	pancreatic cancer	no	123	29422604	NA	NA	TRUE	European	European	7167	9,040 European ancestry cases, 12,496 European ancestry controls	pancreatic carcinoma	http://www.ebi.ac.uk/efo/EFO_0002618	NA	NA	1	0	1	1	1	1410	3031.5	2538	PASS	yes				
Pancreatic cancer	PanScan I+II+PanC4	Pancreatic Cancer Cohort Consortium	pancreas	digestive	NA	Pancreatic cancer	7110	7264	4	0	NA	Pancreatic cancer	no	124	26098869	NA	NA	TRUE	European	European	14374	1582 European ancestry cases 5203 European ancestry controls	pancreatic carcinoma	http://www.ebi.ac.uk/efo/EFO_0002618	NA	NA	1	0	0	0	1	2844	6114.6	5119.2	PASS	NA	NA	NA	NA	
Pancreatic cancer	PanScan III	Pancreatic Cancer Cohort Consortium	pancreas	digestive	NA	Pancreatic cancer	1582	5203	4	0	NA	pancreatic cancer	no	125	29422604	NA	NA	TRUE	European	European	6785	NA	NA	NA	NA	NA	1	0	1	1	0	632.8	1360.52	1139.04	PASS	yes				
Advanced prostate cancer 	PRACTICAL	The Prostate Cancer Association Group to Investigate Cancer Associated Alterations in the Genome 	prostate	reproductive	NA	Prostate cancer	15167	58308	1	1	already public	Prostate cancer (advanced)	no	126	29892016	ieu-a-1238	NA	FALSE	European	European	73475	NA	NA	NA	NA	NA	1	0	0	1	1	6066.8	13043.62	10920.24	PASS	NA (have full GWAS)				
Early-onset prostate cancer 	PRACTICAL	The Prostate Cancer Association Group to Investigate Cancer Associated Alterations in the Genome 	prostate	reproductive	NA	Prostate cancer	6988	44256	1	1	already public	Prostate cancer (early-onset)	no	127	29892016	ieu-a-1240	NA	FALSE	European	European	51244	NA	NA	NA	NA	NA	1	0	0	1	1	2795.2	6009.68	5031.36	PASS	NA (have full GWAS)				
Prostate cancer	PRACTICAL	The Prostate Cancer Association Group to Investigate Cancer Associated Alterations in the Genome 	prostate	reproductive	NA	Prostate cancer	79148	61106	1	1	already public	Prostate cancer	no	128	29892016	ieu-b-85 	NA	TRUE	European	European	140254	We meta-analyzed genotype data from a custom high-density array of 46,939 PrCa cases and 27,910 controls of European ancestry with previously genotyped data of 32,255 PrCa cases and 33,202 controls of European ancestry.	prostate carcinoma	http://www.ebi.ac.uk/efo/EFO_0001663	NA	21372204	1	0	1	1	1	31659.2	68067.28	56986.56	PASS	NA (have full GWAS)				
Cervical cancer	SCCS	Swedish Cervical Cancer Study	uterus	reproductive	NA	Female reproductive cancers	1034	3948	4	0	NA	Cervical cancer	no	129	23482656	NA	NA	TRUE	European	European	4982	1,034 European ancestry cases, 3,948 European ancestry controls	cervical carcinoma	http://www.ebi.ac.uk/efo/EFO_0001061	NA	NA	1	0	1	1	0	413.6	889.24	744.48	PASS	yes	yes	yes	yes	yes
Acute lymphoblastic leukaemia	SJ-COG	St. Jude Children’s Research Hospital and Children’s Oncology Group	blood	blood	lymphocytes	Lymphoid Leukaemia	317	17958	4	0	NA	Acute lymphoblastic leukemia (childhood)	no	130	19684603	NA	NA	TRUE	European	European	18275	308 AYA ALL cases and 6,661 non-ALL controls	NA	NA	NA	NA	1	0	1	1	0	126.8	272.62	228.24	PASS	yes			yes	
Thyroid cancer	TCS	Thyroid Cancer Study	thyroid	endocrine	NA	Thyroid cancer	690	497	1	1	already public	Thyroid cancer	no	131	23894154	ieu-a-1082	NA	FALSE	European	European	1187	690 European ancestry cases 497 European ancestry controls	thyroid carcinoma	http://www.ebi.ac.uk/efo/EFO_0002892	NA	NA	1	0	1	1	0	276	593.4	496.8	PASS	NA (have full GWAS)				
Nasopharyngeal carcinoma	TNC	Taiwan Nasopharyngeal Carcinoma Study	nasopharynx	respiratory	NA	Mouth & throat cancer	277	285	4	0	NA	nasopharyngeal carcinoma	no	132	19664746	NA	NA	TRUE	East Asian	South East Asian	562	277 NPC patients and 285 healthy controls within the Taiwanese 	NA	NA	this study may not be reliable	NA	0	0	1	1	0	38.78	44.874	238.22	PASS	NA (East Asian)	NA	NA	NA	
Glioma	UCSF_AGS + SFAGS	UCSF Adult Glioma Study / San Francisco Adult Glioma Study	brain	nervous	glial cells	Brain cancer	677	3940	4	0	NA	Glioma	no	133	28346443	NA	NA	TRUE	European	European	4617	NA	NA	NA	NA	NA	1	0	1	1	0	270.8	582.22	487.44	PASS	yes	yes	yes	yes	yes
Glioma	UCSF_Mayo	UCSF-Mayo GWAS	brain	nervous	glial cells	Brain cancer	1519	804	4	0	NA	Glioma	no	134	28346443	NA	NA	TRUE	European	European	2323	NA	NA	NA	NA	NA	1	0	1	1	0	607.6	1306.34	1093.68	PASS	yes			yes	
Thyroid cancer	UKB	UK Biobank	thyroid	endocrine	NA	Thyroid cancer	358	407399	2	1	yes	Thyroid cancer	no	163	30104761	NA	TRUE	FALSE	European	European	407757	NA	NA	NA	NA	NA	1	0	1	1	0	143.2	307.88	257.76	PASS	NA (have full GWAS)				
Small bowel cancer	UKB	UK Biobank	small bowel	digestive	NA	small bowel cancer	156	337003	1	1		Cancer code self-reported: small intestine/small bowel cancer	no	161	unpublished	ukb-a-56	NA	FALSE	European	European	337159	NA	NA	NA	NA	NA	0	0	1	1	0	62.4	134.16	112.32	PASS	NA (have full GWAS)				
Squamous cell carcinoma	UKB	UK Biobank	skin	integumentary	squamous cells	skin cancer	404	336755	1	1		Cancer code self-reported: squamous cell carcinoma	no	162	unpublished	ukb-a-60	NA	FALSE	European	European	337159	NA	NA	NA	NA	NA	1	0	0	1	0	161.6	347.44	290.88	PASS	NA (have full GWAS)				
Kidney cancer	UKB	UK Biobank	kidney	urinary	NA	Kidney cancer	1114	461896	1	1		Type of cancer: ICD10: C64 Malignant neoplasm of kidney, except renal pelvis	no	145	unpublished	ukb-b-1316	NA	FALSE	European	European	463010	NA	NA	NA	NA	NA	1	0	1	1	0	445.6	958.04	802.08	PASS	NA (have full GWAS)				
Basal cell carcinoma	UKB	UK Biobank	skin	integumentary	basal cells	Skin cancer	4290	458643	1	1		Cancer code, self-reported: basal cell carcinoma	no	135	unpublished	ukb-b-8837	NA	FALSE	European	European	462933	NA	NA	NA	NA	NA	1	0	0	1	1	1716	3689.4	3088.8	PASS	NA (have full GWAS)				
Blood cancer	UKB	UK Biobank	blood	blood	leukocytes	Blood cancer	4552	372016	2	1		Haematological malignancies	no	137	unpublished	ukb-cancer	NA	FALSE	European	European	376568	NA	NA	NA	NA	NA	1	0	1	1	1	1820.8	3914.72	3277.44	PASS	NA (have full GWAS)				
Brain cancer	UKB	UK Biobank	brain	nervous	NA	Brain cancer	606	372016	2	1		Malignant neoplasm of brain	no	138	unpublished	ukb-cancer	NA	FALSE	European	European	372622	NA	NA	NA	NA	NA	1	0	1	1	0	242.4	521.16	436.32	PASS	NA (have full GWAS)				
Breast cancer	UKB	UK Biobank	breast	reproductive	NA	Breast cancer	13879	198523	2	1		Breast cancer	no	139	unpublished	ukb-cancer	NA	FALSE	European	European	212402	NA	NA	NA	NA	NA	1	0	1	1	1	5551.6	11935.94	9992.88	PASS	NA (have full GWAS)				
Colorectal cancer	UKB	UK Biobank	bowel	digestive	NA	Colorectal cancer	5657	372016	2	1		Colorectal cancer	no	143	unpublished	ukb-cancer	NA	FALSE	European	European	377673	NA	NA	NA	NA	30510241	1	0	1	0	1	2262.8	4865.02	4073.04	PASS	NA (have full GWAS)				
Esophageal adenocarcinoma	UKB	UK Biobank	esophagous	digestive	NA	Esophageal cancer	740	372016	2	1		Malignant neoplasms of oesophasgus	no	144	unpublished	ukb-cancer	NA	FALSE	European	European	372756	NA	NA	NA	two thirds of esophageal cancers in the UK are adenocarcinomas	NA	1	0	1	1	0	296	636.4	532.8	PASS	NA (have full GWAS)				
Leukaemia	UKB	UK Biobank	blood	blood	leukocytes	Leukemia	1260	372016	2	1		All Leukaemia	no	146	unpublished	ukb-cancer	NA	FALSE	European	European	373276	NA	NA	NA	NA	NA	1	0	0	1	0	504	1083.6	907.2	PASS	NA (have full GWAS)				
Liver & bile duct cancer	UKB	UK Biobank	liver	digestive	NA	Liver & biliary tract cancer 	350	372016	2	1		Malignant neoplasms of liver and intrahepatic bile ducts	no	147	unpublished	ukb-cancer	NA	FALSE	European	European	372366	NA	NA	NA	NA	NA	1	0	1	1	0	140	301	252	PASS	NA (have full GWAS)				
Liver cancer	UKB	UK Biobank	liver	digestive	NA	Liver & biliary tract cancer 	168	372016	2	1		Liver cell carcinoma	no	148	unpublished	ukb-cancer	NA	FALSE	European	European	372184	NA	NA	NA	NA	NA	1	0	0	1	0	67.2	144.48	120.96	PASS	NA (have full GWAS)				
Lung cancer	UKB	UK Biobank	lung	respiratory	NA	Lung cancer	2671	372016	2	1		Lung cancer	no	149	unpublished	ukb-cancer	NA	FALSE	European	European	374687	NA	NA	NA	NA	NA	1	0	1	1	1	1068.4	2297.06	1923.12	PASS	NA (have full GWAS)				
Lung cancer unadjusted for chip	UKB	UK Biobank	lung	respiratory	NA	Lung cancer	2671	372016	2	1		Lung cancer unadjusted for chip	no	1499	unpublished	ukb-cancer	NA	FALSE	European	European	374687	NA	NA	NA	NA	NA	1	0	1	1	1	1068.4	2297.06	1923.12	PASS	NA (have full GWAS)				
Lymphoid leukaemia	UKB	UK Biobank	blood	blood	lymphocytes	Lymphoid Leukaemia	760	372016	2	1		Lymphoid Leukaemia	no	150	unpublished	ukb-cancer	NA	FALSE	European	European	372776	NA	NA	NA	NA	NA	1	0	0	1	0	304	653.6	547.2	PASS	NA (have full GWAS)				
Melanoma	UKB	UK Biobank	skin	integumentary	melanocytes	Skin cancer	3751	372016	2	1		Skin - malignant melanoma only	no	153	unpublished	ukb-cancer	NA	FALSE	European	European	375767	NA	NA	NA	NA	NA	1	0	0	1	1	1500.4	3225.86	2700.72	PASS	NA (have full GWAS)				
Multiple myeloma	UKB	UK Biobank	blood	blood	plasma cells	Multiple myeloma	601	372016	2	1		Multiple myeloma	no	154	unpublished	ukb-cancer	NA	FALSE	European	European	372617	NA	NA	NA	NA	NA	1	0	0	1	0	240.4	516.86	432.72	PASS	NA (have full GWAS)				
Myeloid Leukaemia	UKB	UK Biobank	blood	blood	myeloid cells	Myeloid leukemia	462	372016	2	1		Myeloid Leukaemia	no	155	unpublished	ukb-cancer	NA	FALSE	European	European	372478	NA	NA	NA	NA	NA	1	0	0	1	0	184.8	397.32	332.64	PASS	NA (have full GWAS)				
non-melanoma skin cancer	UKB	UK Biobank	skin	integumentary	basal/squamous	Skin cancer	23694	372016	2	1		non-melanoma skin cancer	no	156	unpublished	ukb-cancer	NA	FALSE	European	European	395710	NA	NA	NA	NA	NA	1	0	1	1	1	9477.6	20376.84	17059.68	PASS	NA (have full GWAS)				
Oral cavity and pharyngeal cancer	UKB	UK Biobank	mouth & throat	respiratory	NA	Mouth & throat cancer	1091	372016	2	1		Head and neck cancer	no	157	unpublished	ukb-cancer	NA	FALSE	European	European	373107	NA	NA	NA	NA	NA	1	0	1	1	0	436.4	938.26	785.52	PASS	NA (have full GWAS)				
Ovarian cancer	UKB	UK Biobank	ovary	reproductive	NA	Ovarian cancer	1218	198523	2	1		Ovarian cancer	no	158	unpublished	ukb-cancer	NA	FALSE	European	European	199741	NA	NA	NA	NA	NA	1	0	1	1	0	487.2	1047.48	876.96	PASS	NA (have full GWAS)				
Overall cancer	UKB	UK Biobank	multiple	multiple	NA	Overall	70223	372016	2	1		Pan-cancer	no	140	unpublished	ukb-cancer	NA	FALSE	European	European	442239	NA	NA	NA	NA	NA	1	0	1	1	1	28089.2	60391.78	50560.56	PASS	NA (have full GWAS)				
Overall cancer (excluding non-melanoma skin cancer)	UKB	UK Biobank	multiple	multiple	NA	Overall	50643	372016	2	1		Pan-cancer excluding non-melanoma skin cancer	no	141	unpublished	ukb-cancer	NA	FALSE	European	European	422659	NA	NA	NA	NA	NA	1	0	0	1	1	20257.2	43552.98	36462.96	PASS	NA (have full GWAS)				
Prostate cancer	UKB	UK Biobank	prostate	reproductive	NA	Prostate cancer	9132	173493	2	1		Prostate cancer	no	159	unpublished	ieu-b-4809	NA	FALSE	European	European	182625	NA	NA	NA	NA	NA	1	0	1	1	1	3652.8	7853.52	6575.04	PASS	NA (have full GWAS)				
Lymphoma	UKB	UK Biobank	blood	blood	NA	lymphoma	1752	359442	1	1		Lymphomas	no	151	unpublished	ukb-d-C_LYMPHOMA	NA	FALSE	European	European	361194	NA	NA	NA	NA	NA	1	0	0	1	0	700.8	1506.72	1261.44	PASS	NA (have full GWAS)				
Cancer of digestive organs	UKB	UK Biobank	digestive organs	digestive	NA	Digestive system cancer	5690	355504	1	1		Malignant neoplasm of digestive organs	no	142	unpublished	ukb-d-C3_DIGESTIVE_ORGANS	NA	FALSE	European	European	361194	NA	NA	NA	NA	NA	1	0	1	1	1	2276	4893.4	4096.8	PASS	NA (have full GWAS)				
Respiratory and intrathoracic cancer	UKB	UK Biobank	respiratory & intrathoracic organs	respiratory	NA	respiratory and intrathoracic cancer	1944	359250	1	1		Malignant neoplasm of respiratory system and intrathoracic organs	no	160		ukb-d-C3_RESPIRATORY_INTRATHORACIC	NA	FALSE	European	European	361194	NA	NA	NA	NA	NA	1	0	1	1	0	777.6	1671.84	1399.68	PASS	NA (have full GWAS)				
Malignant skin cancer	UKB	UK Biobank	skin	integumentary	NA	Skin cancer	16531	344663	1	1		Malignant neoplasm of skin	no	152	unpublished	ukb-d-C3_SKIN	NA	FALSE	European	European	361194	NA	NA	NA	NA	NA	1	0	0	1	1	6612.4	14216.66	11902.32	PASS	NA (have full GWAS)				
Urinary tract cancer	UKB	UK Biobank	urinary organs	urinary	NA	urinary tract cancer	1841	359353	1	1		Malignant neoplasm of urinary organs	no	164	unpublished	ukb-d-C3_URINARY_TRACT	NA	FALSE	European	European	361194	NA	NA	NA	NA	NA	1	0	1	1	0	736.4	1583.26	1325.52	PASS	NA (have full GWAS)				
Bladder cancer	UKB	UK Biobank	bladder	urinary	NA	bladder cancer	1554	359640	1	1		Diagnoses - main ICD10: C67 Malignant neoplasm of bladder	no	136	unpublished	ukb-d-C67	NA	FALSE	European	European	361194	NA	NA	NA	NA	NA	1	1	1	1	0	621.6	1336.44	1118.88	PASS	NA (have full GWAS)				
Uveal melanoma	UMS	Uveal Melanoma Study	eye	nervous	melanocytes	Eye cancer	259	401	2	1	yes	uveal melanoma	no	165	28781888	NA	NA	TRUE	European	European	660	259 European ancestry cases, 401 European ancestry controls and 600 unpublished cases	Uveal Melanoma	http://www.ebi.ac.uk/efo/EFO_1000616	NA	NA	0	0	1	1	0	103.6	222.74	186.48	PASS	NA (have full GWAS)				
Laryngeal squamous cell carcinoma			mouth & throat	respiratory	NA	Mouth & throat cancer	993	1995	2	1		Laryngeal squamous cell carcinoma	Not part of FAMRC		25194280			TRUE	East Asian	North East Asian	2988																			